Country,Continent
Austria,Europe
Austria,Europe
Hungary,Europe
United States,North America
United States,North America
United Kingdom,Europe
United Kingdom,Europe
United States,North America
Luxembourg,Europe
United States,North America
United Kingdom,Europe
United States,North America
Australia,Oceania
Austria,Europe
Australia,Oceania
Argentina,Latin America
Spain,Europe
Germany,Europe
Germany,Europe
Switzerland,Europe
India,Asia
Australia,Oceania
Switzerland,Europe
Netherlands,Europe
Poland,Europe
France,Europe
Germany,Europe
United Kingdom,Europe
Canada,North America
United Kingdom,Europe
Nepal,Asia
United Kingdom,Europe
United States,North America
United States,North America
Germany,Europe
New Zealand,Oceania
Germany,Europe
Czechia,Europe
Denmark,Europe
New Zealand,Oceania
United States,North America
United States,North America
Switzerland,Europe
Brazil,Latin America